-- phpMyAdmin SQL Dump
-- version 5.2.0
-- https://www.phpmyadmin.net/
--
-- Хост: 127.0.0.1:3306
-- Время создания: Дек 14 2023 г., 20:08
-- Версия сервера: 8.0.31
-- Версия PHP: 8.0.26

SET SQL_MODE = "NO_AUTO_VALUE_ON_ZERO";
START TRANSACTION;
SET time_zone = "+00:00";


/*!40101 SET @OLD_CHARACTER_SET_CLIENT=@@CHARACTER_SET_CLIENT */;
/*!40101 SET @OLD_CHARACTER_SET_RESULTS=@@CHARACTER_SET_RESULTS */;
/*!40101 SET @OLD_COLLATION_CONNECTION=@@COLLATION_CONNECTION */;
/*!40101 SET NAMES utf8mb4 */;

--
-- База данных: `ahah_kursovaya_finally`
--

-- --------------------------------------------------------

--
-- Структура таблицы `gate`
--

DROP TABLE IF EXISTS `gate`;
CREATE TABLE IF NOT EXISTS `gate` (
  `ID_Gate` int NOT NULL,
  `Название` varchar(10) DEFAULT NULL,
  PRIMARY KEY (`ID_Gate`)
) ENGINE=InnoDB DEFAULT CHARSET=utf8mb4 COLLATE=utf8mb4_0900_ai_ci;

--
-- Дамп данных таблицы `gate`
--

INSERT INTO `gate` (`ID_Gate`, `Название`) VALUES
(1, 'Gate-1'),
(2, 'Gate-2'),
(3, 'Gate-3'),
(4, 'Gate-4'),
(5, 'Gate-5'),
(6, 'Gate-6'),
(7, 'Gate-7'),
(8, 'Gate-8'),
(9, 'Gate-9'),
(10, 'Gate-10');

-- --------------------------------------------------------

--
-- Структура таблицы `пассажиры`
--

DROP TABLE IF EXISTS `пассажиры`;
CREATE TABLE IF NOT EXISTS `пассажиры` (
  `ID_Пассажира` int NOT NULL,
  `Фамилия` varchar(25) DEFAULT NULL,
  `Имя` varchar(25) DEFAULT NULL,
  `Отчество` varchar(25) DEFAULT NULL,
  `Телефон` varchar(20) DEFAULT NULL,
  `Номер_паспорта` varchar(6) DEFAULT NULL,
  PRIMARY KEY (`ID_Пассажира`)
) ENGINE=InnoDB DEFAULT CHARSET=utf8mb4 COLLATE=utf8mb4_0900_ai_ci;

--
-- Дамп данных таблицы `пассажиры`
--

INSERT INTO `пассажиры` (`ID_Пассажира`, `Фамилия`, `Имя`, `Отчество`, `Телефон`, `Номер_паспорта`) VALUES
(1, 'Иванов', 'Иван', 'Иванович', '1234567890', '123456'),
(2, 'Петров', 'Петр', 'Петрович', '9876543210', '567890'),
(3, 'Сидоров', 'Сидор', 'Сидорович', '5551112233', '910111'),
(4, 'Алексеев', 'Алексей', 'Алексеевич', '9998887777', '112233'),
(5, 'Козлов', 'Козел', 'Козлович', '7778889999', '334455'),
(6, 'Николаев', 'Николай', 'Николаевич', '1112223334', '556677'),
(7, 'Григорьев', 'Григорий', 'Григорьевич', '4445556667', '778899'),
(8, 'Дмитриев', 'Дмитрий', 'Дмитриевич', '6667778889', '990011'),
(9, 'Андреев', 'Андрей', 'Андреевич', '2223334445', '112233'),
(10, 'Васнецов', 'Василий', 'Васнецович', '8889990000', '334455'),
(11, 'Павлов', 'Павел', 'Павлович', '1230004567', '556677'),
(12, 'Федоров', 'Федор', 'Федорович', '9871110000', '778899'),
(13, 'Герасимов', 'Герасим', 'Герасимович', '1115556666', '990011'),
(14, 'Артемьев', 'Артем', 'Артемьевич', '2223334444', '112233'),
(15, 'Михайлов', 'Михаил', 'Михайлович', '3334445555', '334455'),
(16, 'Евгеньев', 'Евгений', 'Евгеньевич', '4445556666', '556677'),
(17, 'Сергеев', 'Сергей', 'Сергеевич', '5556667777', '778899'),
(18, 'Александров', 'Александр', 'Александрович', '6667778888', '990011'),
(19, 'Кириллов', 'Кирилл', 'Кириллович', '7778889999', '112233'),
(20, 'Денисов', 'Денис', 'Денисович', '8889990000', '334455');

-- --------------------------------------------------------

--
-- Структура таблицы `полоса`
--

DROP TABLE IF EXISTS `полоса`;
CREATE TABLE IF NOT EXISTS `полоса` (
  `ID_Полосы` int NOT NULL,
  `Название` varchar(5) DEFAULT NULL,
  PRIMARY KEY (`ID_Полосы`)
) ENGINE=InnoDB DEFAULT CHARSET=utf8mb4 COLLATE=utf8mb4_0900_ai_ci;

--
-- Дамп данных таблицы `полоса`
--

INSERT INTO `полоса` (`ID_Полосы`, `Название`) VALUES
(1, 'Пол-1'),
(2, 'Пол-2'),
(3, 'Пол-3'),
(4, 'Пол-4'),
(5, 'Пол-5'),
(6, 'Пол-6'),
(7, 'Пол-7'),
(8, 'Пол-8'),
(9, 'Пол-9'),
(10, 'Пол-1'),
(11, 'Пол-1'),
(12, 'Пол-1'),
(13, 'Пол-1'),
(14, 'Пол-1'),
(15, 'Пол-1'),
(16, 'Пол-1'),
(17, 'Пол-1'),
(18, 'Пол-1'),
(19, 'Пол-1'),
(20, 'Пол-2');

-- --------------------------------------------------------

--
-- Структура таблицы `авиакомпания`
--

DROP TABLE IF EXISTS `авиакомпания`;
CREATE TABLE IF NOT EXISTS `авиакомпания` (
  `ID_Авиакомпании` int NOT NULL,
  `Название` varchar(50) DEFAULT NULL,
  `Телефон` varchar(20) DEFAULT NULL,
  PRIMARY KEY (`ID_Авиакомпании`)
) ENGINE=InnoDB DEFAULT CHARSET=utf8mb4 COLLATE=utf8mb4_0900_ai_ci;

--
-- Дамп данных таблицы `авиакомпания`
--

INSERT INTO `авиакомпания` (`ID_Авиакомпании`, `Название`, `Телефон`) VALUES
(1, 'Аэрофлот', '74952235555'),
(2, 'S7 Airlines', '74957779999'),
(3, 'Utair', '78002345678'),
(4, 'Россия', '74951234567'),
(5, 'Ural Airlines', '73433456789'),
(6, 'Pobeda', '78001234567'),
(7, 'Yakutia Airlines', '74112223344'),
(8, 'Aurora', '74235556677'),
(9, 'Gazpromavia', '74958887766'),
(10, 'Iraero', '73834445566');

-- --------------------------------------------------------

--
-- Структура таблицы `билеты`
--

DROP TABLE IF EXISTS `билеты`;
CREATE TABLE IF NOT EXISTS `билеты` (
  `ID_Билета` int NOT NULL,
  `ID_Рейса` int DEFAULT NULL,
  `Цена` int DEFAULT NULL,
  `Место` varchar(4) DEFAULT NULL,
  `ID_Пассажира` int DEFAULT NULL,
  `Оплачен` tinyint(1) DEFAULT NULL,
  `ID_Льготы` int DEFAULT NULL,
  `ID_Бронирования` int DEFAULT NULL,
  PRIMARY KEY (`ID_Билета`),
  KEY `ID_Рейса` (`ID_Рейса`),
  KEY `ID_Пассажира` (`ID_Пассажира`),
  KEY `ID_Льготы` (`ID_Льготы`),
  KEY `ID_Бронирования` (`ID_Бронирования`)
) ENGINE=InnoDB DEFAULT CHARSET=utf8mb4 COLLATE=utf8mb4_0900_ai_ci;

--
-- Дамп данных таблицы `билеты`
--

INSERT INTO `билеты` (`ID_Билета`, `ID_Рейса`, `Цена`, `Место`, `ID_Пассажира`, `Оплачен`, `ID_Льготы`, `ID_Бронирования`) VALUES
(1, 1, 6500, 'A01', 1, 1, 2, 1),
(2, 1, 6500, 'A02', 2, 1, NULL, 2),
(3, 2, 2000, 'B01', 3, 1, 3, NULL),
(4, 2, 2000, 'B02', 4, 0, NULL, 3),
(5, 3, 6800, 'C01', 5, 1, 1, NULL),
(6, 3, 6800, 'C02', 6, 1, 2, 4),
(7, 4, 2000, 'D01', 7, 0, 3, NULL),
(8, 4, 2000, 'D02', 8, 1, NULL, 5),
(9, 5, 6600, 'E01', 9, 1, 5, NULL),
(10, 5, 6600, 'E02', 10, 0, 7, NULL),
(11, 6, 2000, 'F01', 11, 1, 4, NULL),
(12, 6, 2000, 'F02', 12, 0, NULL, NULL),
(13, 7, 6800, 'G01', 13, 1, 8, NULL),
(14, 7, 6800, 'G02', 14, 0, NULL, NULL),
(15, 8, 2000, 'H01', 15, 1, 1, NULL),
(16, 8, 2000, 'H02', 16, 1, NULL, NULL),
(17, 9, 6600, 'I01', 17, 0, NULL, NULL),
(18, 9, 6600, 'I02', 18, 1, NULL, NULL),
(19, 10, 2000, 'J01', 19, 1, 7, NULL),
(20, 10, 2000, 'J02', 20, 0, NULL, NULL);

-- --------------------------------------------------------

--
-- Структура таблицы `бронирование`
--

DROP TABLE IF EXISTS `бронирование`;
CREATE TABLE IF NOT EXISTS `бронирование` (
  `ID_Бронирования` int NOT NULL,
  `Время` datetime DEFAULT NULL,
  PRIMARY KEY (`ID_Бронирования`)
) ENGINE=InnoDB DEFAULT CHARSET=utf8mb4 COLLATE=utf8mb4_0900_ai_ci;

--
-- Дамп данных таблицы `бронирование`
--

INSERT INTO `бронирование` (`ID_Бронирования`, `Время`) VALUES
(1, '2023-11-14 14:30:00'),
(2, '2023-11-15 16:45:00'),
(3, '2023-11-16 10:00:00'),
(4, '2023-11-17 12:15:00'),
(5, '2023-11-18 18:30:00');

-- --------------------------------------------------------

--
-- Структура таблицы `льготы`
--

DROP TABLE IF EXISTS `льготы`;
CREATE TABLE IF NOT EXISTS `льготы` (
  `ID_Льготы` int NOT NULL,
  `Название` varchar(25) DEFAULT NULL,
  `Скидка` int DEFAULT NULL,
  PRIMARY KEY (`ID_Льготы`)
) ENGINE=InnoDB DEFAULT CHARSET=utf8mb4 COLLATE=utf8mb4_0900_ai_ci;

--
-- Дамп данных таблицы `льготы`
--

INSERT INTO `льготы` (`ID_Льготы`, `Название`, `Скидка`) VALUES
(1, 'Студенческая', 20),
(2, 'Пенсионерская', 15),
(3, 'Детская', 30),
(4, 'Инвалиды', 50),
(5, 'Ветераны', 25),
(6, 'Семейная', 10),
(7, 'Групповая', 15),
(8, 'Специальная', 40),
(9, 'Постоянный клиент', 5),
(10, 'Праздничная', 20);

-- --------------------------------------------------------

--
-- Структура таблицы `рейс`
--

DROP TABLE IF EXISTS `рейс`;
CREATE TABLE IF NOT EXISTS `рейс` (
  `ID_Рейса` int NOT NULL,
  `ID_Авиакомпании` int DEFAULT NULL,
  `ID_Gate` int DEFAULT NULL,
  `ID_Полосы` int DEFAULT NULL,
  `ID_Самолета` int DEFAULT NULL,
  `Время_вылета` datetime DEFAULT NULL,
  `Время_прилета` datetime DEFAULT NULL,
  `Пункт_назначения` varchar(25) DEFAULT NULL,
  PRIMARY KEY (`ID_Рейса`),
  KEY `ID_Авиакомпании` (`ID_Авиакомпании`),
  KEY `ID_Gate` (`ID_Gate`),
  KEY `ID_Полосы` (`ID_Полосы`),
  KEY `ID_Самолета` (`ID_Самолета`)
) ENGINE=InnoDB DEFAULT CHARSET=utf8mb4 COLLATE=utf8mb4_0900_ai_ci;

--
-- Дамп данных таблицы `рейс`
--

INSERT INTO `рейс` (`ID_Рейса`, `ID_Авиакомпании`, `ID_Gate`, `ID_Полосы`, `ID_Самолета`, `Время_вылета`, `Время_прилета`, `Пункт_назначения`) VALUES
(1, 1, 1, 1, 1, '2023-12-14 12:00:00', '2023-12-14 15:00:00', 'Нью-Йорк'),
(2, 2, 2, 2, 2, '2023-12-15 14:30:00', '2023-12-15 17:30:00', 'Лондон'),
(3, 3, 3, 3, 3, '2023-12-16 10:00:00', '2023-12-16 13:00:00', 'Токио'),
(4, 1, 1, 1, 4, '2023-12-17 08:45:00', '2023-12-17 11:45:00', 'Париж'),
(5, 2, 2, 2, 5, '2023-12-18 16:20:00', '2023-12-18 19:20:00', 'Рим'),
(6, 3, 3, 3, 6, '2023-12-19 11:30:00', '2023-12-19 14:30:00', 'Пекин'),
(7, 1, 1, 1, 7, '2023-12-20 14:00:00', '2023-12-20 17:00:00', 'Москва'),
(8, 2, 2, 2, 8, '2023-12-21 09:15:00', '2023-12-21 12:15:00', 'Берлин'),
(9, 3, 3, 3, 9, '2023-12-22 18:45:00', '2023-12-22 21:45:00', 'Дубай'),
(10, 1, 1, 1, 10, '2023-12-23 07:30:00', '2023-12-23 10:30:00', 'Сан-Франциско'),
(11, 2, 2, 2, 11, '2023-12-24 13:10:00', '2023-12-24 16:10:00', 'Сидней'),
(12, 3, 3, 3, 12, '2023-12-25 15:45:00', '2023-12-25 18:45:00', 'Санкт-Петербург'),
(13, 1, 1, 1, 13, '2023-12-26 20:30:00', '2023-12-26 23:30:00', 'Шанхай'),
(14, 2, 2, 2, 14, '2023-12-27 12:05:00', '2023-12-27 15:05:00', 'Киев'),
(15, 3, 3, 3, 15, '2023-12-28 09:20:00', '2023-12-28 12:20:00', 'Дели'),
(16, 1, 1, 1, 16, '2023-12-29 16:40:00', '2023-12-29 19:40:00', 'Стамбул'),
(17, 2, 2, 2, 17, '2023-12-30 08:55:00', '2023-12-30 11:55:00', 'Торонто'),
(18, 3, 3, 3, 18, '2023-12-31 14:15:00', '2023-12-31 17:15:00', 'Мельбурн'),
(19, 1, 1, 1, 19, '2024-01-01 11:00:00', '2024-01-01 14:00:00', 'Копенгаген'),
(20, 2, 2, 2, 20, '2024-01-02 17:30:00', '2024-01-02 20:30:00', 'Осло');

-- --------------------------------------------------------

--
-- Структура таблицы `самолет`
--

DROP TABLE IF EXISTS `самолет`;
CREATE TABLE IF NOT EXISTS `самолет` (
  `ID_Самолета` int NOT NULL,
  `Модель` varchar(50) DEFAULT NULL,
  `Вместимость` int DEFAULT NULL,
  PRIMARY KEY (`ID_Самолета`)
) ENGINE=InnoDB DEFAULT CHARSET=utf8mb4 COLLATE=utf8mb4_0900_ai_ci;

--
-- Дамп данных таблицы `самолет`
--

INSERT INTO `самолет` (`ID_Самолета`, `Модель`, `Вместимость`) VALUES
(1, 'Boeing 737', 150),
(2, 'Airbus A320', 180),
(3, 'Boeing 777', 300),
(4, 'Airbus A330', 250),
(5, 'Embraer E190', 100),
(6, 'Bombardier CRJ-700', 70),
(7, 'Boeing 747', 400),
(8, 'Airbus A380', 550),
(9, 'Boeing 757', 200),
(10, 'Boeing 767', 250),
(11, 'Airbus A350', 300),
(12, 'Embraer E175', 80),
(13, 'Bombardier Q400', 90),
(14, 'Boeing 787', 280),
(15, 'Airbus A340', 290),
(16, 'Boeing 717', 120),
(17, 'Embraer E195', 110),
(18, 'Airbus A321', 220),
(19, 'Boeing 727', 170),
(20, 'Bombardier CRJ-900', 90);

--
-- Ограничения внешнего ключа сохраненных таблиц
--

--
-- Ограничения внешнего ключа таблицы `билеты`
--
ALTER TABLE `билеты`
  ADD CONSTRAINT `билеты_ibfk_1` FOREIGN KEY (`ID_Рейса`) REFERENCES `рейс` (`ID_Рейса`),
  ADD CONSTRAINT `билеты_ibfk_2` FOREIGN KEY (`ID_Пассажира`) REFERENCES `пассажиры` (`ID_Пассажира`),
  ADD CONSTRAINT `билеты_ibfk_3` FOREIGN KEY (`ID_Льготы`) REFERENCES `льготы` (`ID_Льготы`),
  ADD CONSTRAINT `билеты_ibfk_4` FOREIGN KEY (`ID_Бронирования`) REFERENCES `бронирование` (`ID_Бронирования`);

--
-- Ограничения внешнего ключа таблицы `рейс`
--
ALTER TABLE `рейс`
  ADD CONSTRAINT `рейс_ibfk_1` FOREIGN KEY (`ID_Авиакомпании`) REFERENCES `авиакомпания` (`ID_Авиакомпании`),
  ADD CONSTRAINT `рейс_ibfk_2` FOREIGN KEY (`ID_Gate`) REFERENCES `gate` (`ID_Gate`),
  ADD CONSTRAINT `рейс_ibfk_3` FOREIGN KEY (`ID_Полосы`) REFERENCES `полоса` (`ID_Полосы`),
  ADD CONSTRAINT `рейс_ibfk_4` FOREIGN KEY (`ID_Самолета`) REFERENCES `самолет` (`ID_Самолета`);
COMMIT;

/*!40101 SET CHARACTER_SET_CLIENT=@OLD_CHARACTER_SET_CLIENT */;
/*!40101 SET CHARACTER_SET_RESULTS=@OLD_CHARACTER_SET_RESULTS */;
/*!40101 SET COLLATION_CONNECTION=@OLD_COLLATION_CONNECTION */;
